Delta,Time,CORE0_ENERGY (J),CORE0_FREQ (MHZ),CORE0_PSTATE,CORE0_VOLT (V),CORE10_ENERGY (J),CORE10_FREQ (MHZ),CORE10_PSTATE,CORE10_VOLT (V),CORE11_ENERGY (J),CORE11_FREQ (MHZ),CORE11_PSTATE,CORE11_VOLT (V),CORE1_ENERGY (J),CORE1_FREQ (MHZ),CORE1_PSTATE,CORE1_VOLT (V),CORE2_ENERGY (J),CORE2_FREQ (MHZ),CORE2_PSTATE,CORE2_VOLT (V),CORE3_ENERGY (J),CORE3_FREQ (MHZ),CORE3_PSTATE,CORE3_VOLT (V),CORE4_ENERGY (J),CORE4_FREQ (MHZ),CORE4_PSTATE,CORE4_VOLT (V),CORE5_ENERGY (J),CORE5_FREQ (MHZ),CORE5_PSTATE,CORE5_VOLT (V),CORE6_ENERGY (J),CORE6_FREQ (MHZ),CORE6_PSTATE,CORE6_VOLT (V),CORE7_ENERGY (J),CORE7_FREQ (MHZ),CORE7_PSTATE,CORE7_VOLT (V),CORE8_ENERGY (J),CORE8_FREQ (MHZ),CORE8_PSTATE,CORE8_VOLT (V),CORE9_ENERGY (J),CORE9_FREQ (MHZ),CORE9_PSTATE,CORE9_VOLT (V),CPU_ENERGY (J),CPU_FREQUENCY_0,CPU_FREQUENCY_1,CPU_FREQUENCY_10,CPU_FREQUENCY_11,CPU_FREQUENCY_12,CPU_FREQUENCY_13,CPU_FREQUENCY_14,CPU_FREQUENCY_15,CPU_FREQUENCY_16,CPU_FREQUENCY_17,CPU_FREQUENCY_18,CPU_FREQUENCY_19,CPU_FREQUENCY_2,CPU_FREQUENCY_20,CPU_FREQUENCY_21,CPU_FREQUENCY_22,CPU_FREQUENCY_23,CPU_FREQUENCY_3,CPU_FREQUENCY_4,CPU_FREQUENCY_5,CPU_FREQUENCY_6,CPU_FREQUENCY_7,CPU_FREQUENCY_8,CPU_FREQUENCY_9,CPU_USAGE_0,CPU_USAGE_1,CPU_USAGE_10,CPU_USAGE_11,CPU_USAGE_12,CPU_USAGE_13,CPU_USAGE_14,CPU_USAGE_15,CPU_USAGE_16,CPU_USAGE_17,CPU_USAGE_18,CPU_USAGE_19,CPU_USAGE_2,CPU_USAGE_20,CPU_USAGE_21,CPU_USAGE_22,CPU_USAGE_23,CPU_USAGE_3,CPU_USAGE_4,CPU_USAGE_5,CPU_USAGE_6,CPU_USAGE_7,CPU_USAGE_8,CPU_USAGE_9,GPU0_MEMORY_TOTAL,GPU0_MEMORY_USED,GPU0_POWER (mWatts),GPU0_TEMPERATURE,GPU0_USAGE,TOTAL_MEMORY,TOTAL_SWAP,USED_MEMORY,USED_SWAP
0,1743545242338,8506707.504501343,4700,1,0.30000000000000004,3732154.762451172,4700,1,0.3062499999999999,3526007.040222168,4700,1,0.3062499999999999,5321013.483322144,4700,1,0.30000000000000004,5185668.661376953,4700,1,0.30000000000000004,5861789.130432129,4700,1,0.30000000000000004,4896754.683456421,4700,1,0.30000000000000004,5212964.112136841,4700,1,0.30000000000000004,15963314.44656372,4700,1,0.3062499999999999,3488690.317138672,4700,1,0.3062499999999999,3738120.7195281982,4700,1,0.3062499999999999,3681191.631790161,4700,1,0.3062499999999999,472004691.8621826,400,400,400,400,400,4686,4691,400,400,400,400,400,400,400,4691,4691,4690,400,400,400,400,400,400,400,11.111111640930176,3.0303030014038086,2.941176414489746,5.555555820465088,0,8.823529243469238,26.47058868408203,60.000003814697266,2.857142925262451,2.857142925262451,5.882352828979492,0,5.882352828979492,0,8.571429252624512,20.58823585510254,2.941176414489746,5.714285850524902,5.882352828979492,8.571429252624512,8.823529243469238,8.571429252624512,5.714285850524902,8.333333969116211,24564,358,27955,43,0,66488176640,2147479552,35342729216,549113856
199,1743545242339,8506707.518692017,4700,1,0.30000000000000004,3732154.773956299,4700,1,0.30000000000000004,3526007.087158203,4700,1,0.30000000000000004,5321013.497833252,4700,1,0.30000000000000004,5185668.677276611,4700,1,0.30000000000000004,5861789.202713013,4700,1,0.30000000000000004,4896754.702880859,4700,1,0.30000000000000004,5212964.150726318,4700,1,0.30000000000000004,15963314.459609985,4700,1,0.30000000000000004,3488690.328842163,4700,1,0.30000000000000004,3738120.730529785,4700,1,0.30000000000000004,3681191.643508911,4700,1,0.30000000000000004,472004692.57595825,400,400,400,400,400,4686,4691,400,400,400,400,400,400,400,4691,4691,4690,400,400,400,400,400,400,400,11.111111640930176,3.0303030014038086,2.941176414489746,5.555555820465088,0,8.823529243469238,26.47058868408203,60.000003814697266,2.857142925262451,2.857142925262451,5.882352828979492,0,5.882352828979492,0,8.571429252624512,20.58823585510254,2.941176414489746,5.714285850524902,5.882352828979492,8.571429252624512,8.823529243469238,8.571429252624512,5.714285850524902,8.333333969116211,24564,358,27955,43,0,66488176640,2147479552,35342729216,549113856
199,1743545242539,8506707.658447266,4700,1,0.30000000000000004,3732154.9412384033,4700,1,0.30000000000000004,3526007.7321624756,4700,1,0.30000000000000004,5321013.739456177,4700,1,0.30000000000000004,5185668.8600616455,4700,1,0.30000000000000004,5861790.209732056,4700,1,0.30000000000000004,4896754.819671631,4700,1,0.30000000000000004,5212964.280685425,4700,1,0.30000000000000004,15963314.650680542,4700,1,0.30000000000000004,3488690.447052002,4700,1,0.30000000000000004,3738120.8290100098,4700,1,0.30000000000000004,3681191.8130493164,4700,1,0.30000000000000004,472004702.3721924,400,400,400,400,400,4686,4691,400,400,400,400,400,400,400,4691,4691,4690,400,400,400,400,400,400,400,4.34782600402832,4.34782600402832,4.34782600402832,0,0,0,4.34782600402832,59.09090805053711,4.34782600402832,8.69565200805664,0,8.333333969116211,4.34782600402832,4.34782600402832,0,8.69565200805664,56.52173614501953,40.90909194946289,4.34782600402832,0,12.5,8.333333969116211,0,4.545454502105713,24564,358,27955,43,0,66488176640,2147479552,35381477376,549113856
199,1743545242739,8506707.880111694,4700,1,0.30000000000000004,3732155.192718506,4700,1,0.30000000000000004,3526007.964981079,4700,1,0.30000000000000004,5321013.931182861,4700,1,0.30000000000000004,5185669.109832764,4700,1,0.30000000000000004,5861791.211471558,4700,1,0.30000000000000004,4896755.251586914,4700,1,0.30000000000000004,5212964.597351074,4700,1,0.30000000000000004,15963314.982696533,4700,1,0.30000000000000004,3488690.68560791,4700,1,0.30000000000000004,3738121.024520874,4700,1,0.30000000000000004,3681192.021408081,4700,1,0.30000000000000004,472004712.67193604,400,400,400,400,400,4686,4691,400,400,400,400,400,400,400,4691,4691,4690,400,400,400,400,400,400,400,0,4.761904716491699,0,4.761904716491699,5,0,5,4.761904716491699,0,0,0,0,5,0,4.761904716491699,9.523809432983398,5,100,15.789472579956055,5,15.789472579956055,0,5,5,24564,358,27933,43,0,66488176640,2147479552,35399364608,549113856
199,1743545242939,8506708.136413574,4700,1,0.30000000000000004,3732155.4785461426,4700,1,0.30000000000000004,3526008.149887085,4700,1,0.30000000000000004,5321014.225524902,4700,1,0.30000000000000004,5185669.378814697,4700,1,0.30000000000000004,5861792.16317749,4700,1,0.30000000000000004,4896755.537780762,4700,1,0.30000000000000004,5212964.852859497,4700,1,0.30000000000000004,15963315.141662598,4700,1,0.30000000000000004,3488690.935409546,4700,1,0.30000000000000004,3738121.2623291016,4700,1,0.30000000000000004,3681192.1663513184,4700,1,0.30000000000000004,472004722.6512451,400,400,400,400,400,4686,4691,400,400,400,400,400,400,400,4691,4691,4690,400,400,400,400,400,400,400,0,0,10.526315689086914,0,0,4.761904716491699,9.523809432983398,0,5.263157844543457,4.761904716491699,4.761904716491699,5,4.761904716491699,0,0,5,0,90,4.761904716491699,0,0,10,14.285715103149414,0,24564,358,27933,43,0,66488176640,2147479552,35376848896,548851712
199,1743545243139,8506708.205093384,4700,1,0.30000000000000004,3732155.5735168457,4700,1,0.30000000000000004,3526008.1985168457,4700,1,0.30000000000000004,5321014.2840271,4700,1,0.30000000000000004,5185669.435211182,4700,1,0.30000000000000004,5861793.162704468,4700,1,0.30000000000000004,4896755.605041504,4700,1,0.30000000000000004,5212964.9193573,4700,1,0.30000000000000004,15963315.270706177,4700,1,0.30000000000000004,3488691.004486084,4700,1,0.30000000000000004,3738121.3149108887,4700,1,0.30000000000000004,3681192.2214660645,4700,1,0.30000000000000004,472004731.3065338,400,400,400,400,400,4686,4691,400,400,400,400,400,400,400,4691,4691,4690,400,400,400,400,400,400,400,0,0,4.761904716491699,0,0,0,0,0,4.761904716491699,0,0,0,0,0,0,5,0,100,0,0,0,0,0,5,24564,358,27933,43,0,66488176640,2147479552,35376390144,548851712
199,1743545243339,8506708.212051392,4700,1,0.30000000000000004,3732155.6271209717,4700,1,0.30000000000000004,3526008.2046203613,4700,1,0.30000000000000004,5321014.290405273,4700,1,0.30000000000000004,5185669.441452026,4700,1,0.30000000000000004,5861794.161972046,4700,1,0.30000000000000004,4896755.611236572,4700,1,0.30000000000000004,5212964.9281311035,4700,1,0.30000000000000004,15963315.277175903,4700,1,0.30000000000000004,3488691.035507202,4700,1,0.30000000000000004,3738121.321105957,4700,1,0.30000000000000004,3681192.227722168,4700,1,0.30000000000000004,472004739.43573,400,400,400,400,400,4686,4691,400,400,400,400,400,400,400,4691,4691,4690,400,400,400,400,400,400,400,0,0,0,0,0,0,0,0,0,0,0,0,0,0,0,0,0,100,0,0,0,0,0,0,24564,358,27933,43,0,66488176640,2147479552,35376906240,548851712
199,1743545243540,8506708.219070435,4700,1,0.30000000000000004,3732155.6944885254,4700,1,0.30000000000000004,3526008.2107543945,4700,1,0.30000000000000004,5321014.297012329,4700,1,0.30000000000000004,5185669.447799683,4700,1,0.30000000000000004,5861795.163040161,4700,1,0.30000000000000004,4896755.617614746,4700,1,0.30000000000000004,5212964.936630249,4700,1,0.30000000000000004,15963315.283660889,4700,1,0.30000000000000004,3488691.071411133,4700,1,0.30000000000000004,3738121.327407837,4700,1,0.30000000000000004,3681192.2341308594,4700,1,0.30000000000000004,472004747.63275146,400,400,400,400,400,4686,4691,400,400,400,400,400,400,400,4691,4691,4690,400,400,400,400,400,400,400,0,0,0,0,0,0,0,0,0,0,0,0,0,0,0,4.761904716491699,0,100,0,0,0,0,0,0,24564,358,27933,43,0,66488176640,2147479552,35376906240,548851712
199,1743545243740,8506708.225784302,4700,1,0.30000000000000004,3732155.757583618,4700,1,0.30000000000000004,3526008.2169799805,4700,1,0.30000000000000004,5321014.303329468,4700,1,0.30000000000000004,5185669.454116821,4700,1,0.30000000000000004,5861796.1603393555,4700,1,0.30000000000000004,4896755.623809814,4700,1,0.30000000000000004,5212964.944793701,4700,1,0.30000000000000004,15963315.29045105,4700,1,0.30000000000000004,3488691.08934021,4700,1,0.30000000000000004,3738121.3337402344,4700,1,0.30000000000000004,3681192.240386963,4700,1,0.30000000000000004,472004755.7993469,400,400,400,400,400,4686,4691,400,400,400,400,400,400,400,4691,4691,4690,400,400,400,400,400,400,400,0,0,0,0,0,0,0,0,0,0,0,4.761904716491699,0,0,0,5,0,100,0,0,0,0,0,0,24564,358,27860,43,0,66488176640,2147479552,35376906240,548851712
199,1743545243940,8506708.232635498,4700,1,0.30000000000000004,3732155.8146209717,4700,1,0.30000000000000004,3526008.223083496,4700,1,0.30000000000000004,5321014.310394287,4700,1,0.30000000000000004,5185669.460479736,4700,1,0.30000000000000004,5861797.162200928,4700,1,0.30000000000000004,4896755.629974365,4700,1,0.30000000000000004,5212964.954864502,4700,1,0.30000000000000004,15963315.296936035,4700,1,0.30000000000000004,3488691.1148223877,4700,1,0.30000000000000004,3738121.3403167725,4700,1,0.30000000000000004,3681192.246749878,4700,1,0.30000000000000004,472004763.9556732,400,400,400,400,400,4686,4691,400,400,400,400,400,400,400,4691,4691,4690,400,400,400,400,400,400,400,0,0,0,0,0,0,0,0,0,0,0,0,0,0,0,5,0,100,0,0,0,0,0,0,24564,358,27860,43,0,66488176640,2147479552,35375091712,548851712
199,1743545244140,8506708.239593506,4700,1,0.30000000000000004,3732155.873840332,4700,1,0.30000000000000004,3526008.229324341,4700,1,0.30000000000000004,5321014.317733765,4700,1,0.30000000000000004,5185669.467102051,4700,1,0.30000000000000004,5861798.161529541,4700,1,0.30000000000000004,4896755.63633728,4700,1,0.30000000000000004,5212964.974700928,4700,1,0.30000000000000004,15963315.303497314,4700,1,0.30000000000000004,3488691.145401001,4700,1,0.30000000000000004,3738121.346572876,4700,1,0.30000000000000004,3681192.2531280518,4700,1,0.30000000000000004,472004772.15312195,400,400,400,400,400,4686,4691,400,400,400,400,400,400,400,4691,4691,4690,400,400,400,400,400,400,400,0,0,0,0,0,0,0,0,0,0,0,0,0,0,0,5,0,100,0,0,0,0,0,0,24564,358,27860,43,0,66488176640,2147479552,35375013888,548851712
199,1743545244340,8506708.24635315,4700,1,0.30000000000000004,3732155.935470581,4700,1,0.30000000000000004,3526008.235458374,4700,1,0.30000000000000004,5321014.324859619,4700,1,0.30000000000000004,5185669.473297119,4700,1,0.30000000000000004,5861799.158538818,4700,1,0.30000000000000004,4896755.6424713135,4700,1,0.30000000000000004,5212964.982299805,4700,1,0.30000000000000004,15963315.309921265,4700,1,0.30000000000000004,3488691.1630706787,4700,1,0.30000000000000004,3738121.352798462,4700,1,0.30000000000000004,3681192.259460449,4700,1,0.30000000000000004,472004780.2935486,400,400,400,400,400,4686,4691,400,400,400,400,400,400,400,4691,4691,4690,400,400,400,400,400,400,400,0,0,0,0,0,0,0,0,0,0,0,5,0,0,0,5,0,100,0,0,0,0,0,0,24564,358,27860,43,0,66488176640,2147479552,35375013888,548851712
199,1743545244540,8506708.25302124,4700,1,0.30000000000000004,3732155.99659729,4700,1,0.30000000000000004,3526008.2415618896,4700,1,0.30000000000000004,5321014.331222534,4700,1,0.30000000000000004,5185669.479705811,4700,1,0.30000000000000004,5861800.159988403,4700,1,0.30000000000000004,4896755.648849487,4700,1,0.30000000000000004,5212964.990570068,4700,1,0.30000000000000004,15963315.316589355,4700,1,0.30000000000000004,3488691.181060791,4700,1,0.30000000000000004,3738121.359603882,4700,1,0.30000000000000004,3681192.265701294,4700,1,0.30000000000000004,472004788.35765076,400,400,400,400,400,4686,4691,400,400,400,400,400,400,400,4691,4691,4690,400,400,400,400,400,400,400,0,0,0,0,0,0,0,0,0,0,0,0,0,0,0,4.761904716491699,0,100,0,0,0,0,0,0,24564,358,27860,43,0,66488176640,2147479552,35375529984,548851712
199,1743545244740,8506708.259979248,4700,1,0.30000000000000004,3732156.0591278076,4700,1,0.30000000000000004,3526008.247695923,4700,1,0.30000000000000004,5321014.337615967,4700,1,0.30000000000000004,5185669.486038208,4700,1,0.30000000000000004,5861801.160003662,4700,1,0.30000000000000004,4896755.655014038,4700,1,0.30000000000000004,5212964.99798584,4700,1,0.30000000000000004,15963315.323501587,4700,1,0.30000000000000004,3488691.232437134,4700,1,0.30000000000000004,3738121.3659057617,4700,1,0.30000000000000004,3681192.2719726563,4700,1,0.30000000000000004,472004796.53422546,400,400,400,400,400,4686,4691,400,400,400,400,400,400,400,4691,4691,4690,400,400,400,400,400,400,400,0,0,0,0,0,0,0,0,0,0,0,0,0,0,0,0,0,100,0,0,0,0,0,0,24564,358,27877,43,0,66488176640,2147479552,35375529984,548851712
199,1743545244940,8506708.266799927,4700,1,0.30000000000000004,3732156.1188049316,4700,1,0.30000000000000004,3526008.25390625,4700,1,0.30000000000000004,5321014.344100952,4700,1,0.30000000000000004,5185669.492477417,4700,1,0.30000000000000004,5861802.157073975,4700,1,0.30000000000000004,4896755.661697388,4700,1,0.30000000000000004,5212965.006103516,4700,1,0.30000000000000004,15963315.330032349,4700,1,0.30000000000000004,3488691.2507781982,4700,1,0.30000000000000004,3738121.372314453,4700,1,0.30000000000000004,3681192.278289795,4700,1,0.30000000000000004,472004804.6801605,400,400,400,400,400,4686,4691,400,400,400,400,400,400,400,4691,4691,4690,400,400,400,400,400,400,400,0,0,0,0,0,0,0,0,0,0,0,5,0,0,0,5,0,100,0,0,0,0,0,0,24564,358,27937,43,0,66488176640,2147479552,35373277184,548851712
199,1743545245140,8506708.273513794,4700,1,0.30000000000000004,3732156.1763305664,4700,1,0.30000000000000004,3526008.2600097656,4700,1,0.30000000000000004,5321014.350463867,4700,1,0.30000000000000004,5185669.498703003,4700,1,0.30000000000000004,5861803.156387329,4700,1,0.30000000000000004,4896755.66796875,4700,1,0.30000000000000004,5212965.014053345,4700,1,0.30000000000000004,15963315.336486816,4700,1,0.30000000000000004,3488691.3344573975,4700,1,0.30000000000000004,3738121.3784179688,4700,1,0.30000000000000004,3681192.284576416,4700,1,0.30000000000000004,472004812.8897705,400,400,400,400,400,4686,4691,400,400,400,400,400,400,400,4691,4691,4690,400,400,400,400,400,400,400,0,0,0,0,0,0,0,0,0,0,0,0,0,0,0,5,0,100,0,0,0,0,0,0,24564,358,27951,43,0,66488176640,2147479552,35373277184,548851712
199,1743545245340,8506708.280349731,4700,1,0.30000000000000004,3732156.2365722656,4700,1,0.30000000000000004,3526008.266265869,4700,1,0.30000000000000004,5321014.357421875,4700,1,0.30000000000000004,5185669.505661011,4700,1,0.30000000000000004,5861804.158340454,4700,1,0.30000000000000004,4896755.6745147705,4700,1,0.30000000000000004,5212965.022628784,4700,1,0.30000000000000004,15963315.343032837,4700,1,0.30000000000000004,3488691.3915252686,4700,1,0.30000000000000004,3738121.384765625,4700,1,0.30000000000000004,3681192.2912139893,4700,1,0.30000000000000004,472004821.0092468,400,400,400,400,400,4686,4691,400,400,400,400,400,400,400,4691,4691,4690,400,400,400,400,400,400,400,0,0,0,0,0,0,0,0,0,0,0,0,0,0,0,0,0,100,0,0,0,0,0,0,24564,358,27957,43,0,66488176640,2147479552,35373793280,548851712
199,1743545245540,8506708.287078857,4700,1,0.30000000000000004,3732156.3004608154,4700,1,0.30000000000000004,3526008.2724609375,4700,1,0.30000000000000004,5321014.363800049,4700,1,0.30000000000000004,5185669.511947632,4700,1,0.30000000000000004,5861805.153274536,4700,1,0.30000000000000004,4896755.680648804,4700,1,0.30000000000000004,5212965.030029297,4700,1,0.30000000000000004,15963315.349502563,4700,1,0.30000000000000004,3488691.4319763184,4700,1,0.30000000000000004,3738121.391052246,4700,1,0.30000000000000004,3681192.297470093,4700,1,0.30000000000000004,472004829.1912079,400,400,400,400,400,4686,4691,400,400,400,400,400,400,400,4691,4691,4690,400,400,400,400,400,400,400,0,0,0,0,0,0,0,0,0,0,0,4.761904716491699,0,0,0,5,0,100,0,0,0,0,0,0,24564,358,27973,43,0,66488176640,2147479552,35373793280,548851712
199,1743545245740,8506708.2940979,4700,1,0.30000000000000004,3732156.358078003,4700,1,0.30000000000000004,3526008.2786254883,4700,1,0.30000000000000004,5321014.370147705,4700,1,0.30000000000000004,5185669.518188477,4700,1,0.30000000000000004,5861806.153427124,4700,1,0.30000000000000004,4896755.686920166,4700,1,0.30000000000000004,5212965.0375061035,4700,1,0.30000000000000004,15963315.35609436,4700,1,0.30000000000000004,3488691.4521636963,4700,1,0.30000000000000004,3738121.397293091,4700,1,0.30000000000000004,3681192.303817749,4700,1,0.30000000000000004,472004837.3358612,400,400,400,400,400,4686,4691,400,400,400,400,400,400,400,4691,4691,4690,400,400,400,400,400,400,400,0,0,0,0,0,0,0,0,0,0,0,0,0,0,0,4.761904716491699,0,100,0,0,0,0,0,0,24564,358,27981,43,0,66488176640,2147479552,35373793280,548851712
199,1743545245940,8506708.30078125,4700,1,0.30000000000000004,3732156.4251098633,4700,1,0.30000000000000004,3526008.2847595215,4700,1,0.30000000000000004,5321014.37739563,4700,1,0.30000000000000004,5185669.524475098,4700,1,0.30000000000000004,5861807.155197144,4700,1,0.30000000000000004,4896755.69380188,4700,1,0.30000000000000004,5212965.048202515,4700,1,0.30000000000000004,15963315.362564087,4700,1,0.30000000000000004,3488691.468811035,4700,1,0.30000000000000004,3738121.4036254883,4700,1,0.30000000000000004,3681192.3100891113,4700,1,0.30000000000000004,472004845.5168915,400,400,400,400,400,4686,4691,400,400,400,400,400,400,400,4691,4691,4690,400,400,400,400,400,400,400,0,0,0,0,0,0,0,0,0,0,0,0,0,0,0,5,0,100,0,0,0,0,0,0,24564,358,28061,43,0,66488176640,2147479552,35372109824,548851712
199,1743545246140,8506708.3074646,4700,1,0.30000000000000004,3732156.487762451,4700,1,0.30000000000000004,3526008.2908935547,4700,1,0.30000000000000004,5321014.3837890625,4700,1,0.30000000000000004,5185669.531265259,4700,1,0.30000000000000004,5861808.152038574,4700,1,0.30000000000000004,4896755.700073242,4700,1,0.30000000000000004,5212965.071426392,4700,1,0.30000000000000004,15963315.369232178,4700,1,0.30000000000000004,3488691.5489959717,4700,1,0.30000000000000004,3738121.409805298,4700,1,0.30000000000000004,3681192.31640625,4700,1,0.30000000000000004,472004853.71525574,400,400,400,400,400,4686,4691,400,400,400,400,400,400,400,4691,4691,4690,400,400,400,400,400,400,400,0,0,0,0,0,0,0,0,0,0,0,0,0,0,0,9.523809432983398,0,100,0,0,0,0,0,0,24564,358,28061,43,0,66488176640,2147479552,35372109824,548851712
199,1743545246340,8506708.313842773,4700,1,0.30000000000000004,3732156.5444335938,4700,1,0.30000000000000004,3526008.2969970703,4700,1,0.30000000000000004,5321014.390197754,4700,1,0.30000000000000004,5185669.5375061035,4700,1,0.30000000000000004,5861809.15397644,4700,1,0.30000000000000004,4896755.70640564,4700,1,0.30000000000000004,5212965.078781128,4700,1,0.30000000000000004,15963315.37562561,4700,1,0.30000000000000004,3488691.5656433105,4700,1,0.30000000000000004,3738121.416000366,4700,1,0.30000000000000004,3681192.3229675293,4700,1,0.30000000000000004,472004861.8274994,400,400,400,400,400,4686,4691,400,400,400,400,400,400,400,4691,4691,4690,400,400,400,400,400,400,400,0,0,0,0,0,0,0,0,0,0,0,5,0,0,0,0,0,100,0,0,0,0,0,0,24564,358,28061,43,0,66488176640,2147479552,35372625920,548851712
199,1743545246540,8506708.374130249,4700,1,0.30000000000000004,3732156.6464538574,4700,1,0.30000000000000004,3526008.3390655518,4700,1,0.30000000000000004,5321014.439422607,4700,1,0.30000000000000004,5185669.56640625,4700,1,0.30000000000000004,5861810.1619262695,4700,1,0.30000000000000004,4896755.761550903,4700,1,0.30000000000000004,5212965.151687622,4700,1,0.30000000000000004,15963315.418624878,4700,1,0.30000000000000004,3488691.7081451416,4700,1,0.30000000000000004,3738121.4673309326,4700,1,0.30000000000000004,3681192.367919922,4700,1,0.30000000000000004,472004870.4429321,400,400,400,400,400,4686,4691,400,400,400,400,400,400,400,4691,4691,4690,400,400,400,400,400,400,400,5,4.761904716491699,0,0,0,4.761904716491699,4.761904716491699,5,4.761904716491699,0,0,0,0,9.090909004211426,0,5,4.761904716491699,100,5,9.090909004211426,0,0,0,0,24564,358,28061,43,0,66488176640,2147479552,35330412544,548851712
199,1743545246740,8506708.380691528,4700,1,0.30000000000000004,3732156.7081604004,4700,1,0.30000000000000004,3526008.3455352783,4700,1,0.30000000000000004,5321014.445907593,4700,1,0.30000000000000004,5185669.572601318,4700,1,0.30000000000000004,5861811.157073975,4700,1,0.30000000000000004,4896755.767852783,4700,1,0.30000000000000004,5212965.159896851,4700,1,0.30000000000000004,15963315.424835205,4700,1,0.30000000000000004,3488691.8194122314,4700,1,0.30000000000000004,3738121.4735717773,4700,1,0.30000000000000004,3681192.374191284,4700,1,0.30000000000000004,472004878.7105408,400,400,400,400,400,4686,4691,400,400,400,400,400,400,400,4691,4691,4690,400,400,400,400,400,400,400,0,0,0,0,0,0,0,0,0,0,0,0,0,0,0,5,0,100,0,0,0,0,0,0,24564,358,28061,43,0,66488176640,2147479552,35330658304,548851712
199,1743545246940,8506708.387329102,4700,1,0.30000000000000004,3732156.768371582,4700,1,0.30000000000000004,3526008.3519592285,4700,1,0.30000000000000004,5321014.452392578,4700,1,0.30000000000000004,5185669.578918457,4700,1,0.30000000000000004,5861812.157440186,4700,1,0.30000000000000004,4896755.774017334,4700,1,0.30000000000000004,5212965.1678619385,4700,1,0.30000000000000004,15963315.43093872,4700,1,0.30000000000000004,3488691.8481292725,4700,1,0.30000000000000004,3738121.4797668457,4700,1,0.30000000000000004,3681192.3805999756,4700,1,0.30000000000000004,472004886.8666382,400,400,400,400,400,4686,4691,400,400,400,400,400,400,400,4691,4691,4690,400,400,400,400,400,400,400,0,0,0,0,0,0,0,0,0,0,0,4.761904716491699,0,0,0,5,0,100,0,0,0,0,0,0,24564,358,28224,43,0,66488176640,2147479552,35330916352,548851712
199,1743545247140,8506708.394058228,4700,1,0.30000000000000004,3732156.82611084,4700,1,0.30000000000000004,3526008.358505249,4700,1,0.30000000000000004,5321014.458892822,4700,1,0.30000000000000004,5185669.585266113,4700,1,0.30000000000000004,5861813.157287598,4700,1,0.30000000000000004,4896755.780715942,4700,1,0.30000000000000004,5212965.1753845215,4700,1,0.30000000000000004,15963315.437179565,4700,1,0.30000000000000004,3488691.9118499756,4700,1,0.30000000000000004,3738121.4860076904,4700,1,0.30000000000000004,3681192.391647339,4700,1,0.30000000000000004,472004895.1269531,400,400,400,400,400,4686,4691,400,400,400,400,400,400,400,4691,4691,4690,400,400,400,400,400,400,400,0,0,0,0,0,0,0,0,0,0,0,0,0,0,0,0,0,100,0,0,0,0,0,0,24564,358,28224,43,0,66488176640,2147479552,35328954368,548851712
199,1743545247341,8506708.40109253,4700,1,0.30000000000000004,3732156.886199951,4700,1,0.30000000000000004,3526008.3651428223,4700,1,0.30000000000000004,5321014.465209961,4700,1,0.30000000000000004,5185669.591461182,4700,1,0.30000000000000004,5861814.151245117,4700,1,0.30000000000000004,4896755.786849976,4700,1,0.30000000000000004,5212965.182373047,4700,1,0.30000000000000004,15963315.443313599,4700,1,0.30000000000000004,3488691.928451538,4700,1,0.30000000000000004,3738121.492324829,4700,1,0.30000000000000004,3681192.3979034424,4700,1,0.30000000000000004,472004903.30656433,400,400,400,400,400,4686,4691,400,400,400,400,400,400,400,4691,4691,4690,400,400,400,400,400,400,400,0,0,0,0,0,0,0,0,0,0,0,0,0,0,0,5,0,100,0,0,0,0,0,0,24564,358,28224,43,0,66488176640,2147479552,35328954368,548851712
199,1743545247541,8506708.407745361,4700,1,0.30000000000000004,3732156.9460601807,4700,1,0.30000000000000004,3526008.3715515137,4700,1,0.30000000000000004,5321014.471954346,4700,1,0.30000000000000004,5185669.597702026,4700,1,0.30000000000000004,5861815.153915405,4700,1,0.30000000000000004,4896755.793716431,4700,1,0.30000000000000004,5212965.189453125,4700,1,0.30000000000000004,15963315.449493408,4700,1,0.30000000000000004,3488691.9457702637,4700,1,0.30000000000000004,3738121.4985961914,4700,1,0.30000000000000004,3681192.4043273926,4700,1,0.30000000000000004,472004911.4780731,400,400,400,400,400,4686,4691,400,400,400,400,400,400,400,4691,4691,4690,400,400,400,400,400,400,400,0,0,0,0,0,0,0,0,0,0,0,4.761904716491699,0,0,0,9.090909004211426,0,100,0,0,0,0,0,0,24564,358,28224,43,0,66488176640,2147479552,35328954368,548851712
